{
  "asthma":[
    {
      "question": "It is a chronic respiratory condition characterized by inflammation and narrowing of the airways.",
      "ans1": "Asthma",
      "ans2": "Panic Attack",
      "ans3": "Hyperventilation",
      "ans4": "Short of Breathe",
      "correct": "Asthma"
    },
    {
      "question": "What procedure is this statement, Keep calm and reassure the patient. Get patient to take the usual dose of the patient inhaler.",
      "ans1": "Procedure 2",
      "ans2": "Procedure 1",
      "ans3": "Procedure 4",
      "ans4": "Procedure 3",
      "correct": "Procedure 1"
    },
    {
      "question": "What procedure is this statement, Call the emergency for help if the attack is severe and any of the following occur.",
      "ans1": "Procedure 3",
      "ans2": "Procedure 2",
      "ans3": "Procedure 4",
      "ans4": "Procedure 1",
      "correct": "Procedure 4"
    },
    {
      "question": "What procedure is this statement, A mild attack should ease in a few minutes.",
      "ans1": "Procedure 2",
      "ans2": "Procedure 1",
      "ans3": "Procedure 4",
      "ans4": "Procedure 3",
      "correct": "Procedure 4"
    },
    {
      "question": "What procedure is this statement, Do not let the patient lie down.",
      "ans1": "Procedure 1",
      "ans2": "Procedure 3",
      "ans3": "Procedure 4",
      "ans4": "Procedure 2",
      "correct": "Procedure 2"
    },
    {
      "question": "Which is not the cause of asthma? If the person have an attack.",
      "ans1": "Wheezing",
      "ans2": "Numbness",
      "ans3": "Chest Tightness",
      "ans4": "Coughing",
      "correct": "Coughing"
    }
  ]
}