{
  "bandaging":[
    {
      "question": "What do you called the pads or fabric that can be applied directly to the wound to absorb blood and other fluids?",
      "ans1": "Dressings",
      "ans2": "Dress",
      "ans3": "Dressmaking",
      "ans4": "Dressing",
      "correct": "Dressings"
    },
    {
      "question": "Which are the not the different types of bandaging?",
      "ans1": "Head or Ear Injury",
      "ans2": "Eye Injury",
      "ans3": "Hand Injury",
      "ans4": "Sprain Injury",
      "correct": "Double Hand Injury"
    },
    {
      "question": "What types of bandaging is to apply pressure to control hemorrhage from wounds to scalp?",
      "ans1": "Eye Injury",
      "ans2": "Hear or Ear Injury",
      "ans3": "Knee Injury",
      "ans4": "Hand Injury",
      "correct": "Hear or Ear Injury"
    },
    {
      "question": "Controlling bleeding and preventing infection are two benefits of covering skin injury.",
      "ans1": "Bandages",
      "ans2": "Tying",
      "ans3": "Covering",
      "ans4": "Bandaging",
      "correct": "Bandaging"
    },
    {
      "question": "The _____ bandage of the eye is to hold dressing over the eye.",
      "ans1": "Carat",
      "ans2": "Carvat",
      "ans3": "Karat",
      "ans4": "Cravat",
      "correct": "Cravat"
    },
    {
      "question": "Which of the following is the three key uses of bandaging?",
      "ans1": "Covering Fractures and Wounds",
      "ans2": "Applying Pressure to Bleeding Wounds",
      "ans3": "Providing Support and Immobilization for Broken Hands",
      "ans4": "Applying Cream on Wounds",
      "correct": "Applying Pressure to Bleeding Wounds"
    }
  ]
}