{
  "choking":[
    {
      "question": "It happens when an object lodges in the throat or windpipe blocking the flow of air.",
      "ans1": "Thirsty",
      "ans2": "Hyperventilation",
      "ans3": "Asthma",
      "ans4": "Choking",
      "correct": "Choking"
    },
    {
      "question": "Which is not a signs of choking",
      "ans1": "Strained or noisy breathing",
      "ans2": "Having a panic attack",
      "ans3": "Inability to talk",
      "ans4": "Loss of consciousness",
      "correct": "Having a panic attack"
    },
    {
      "question": "Skin, lips, and nails that color turning into a ______.",
      "ans1": "Blue or Gray",
      "ans2": "Violet or Green",
      "ans3": "Black or Brown",
      "ans4": "Red or White",
      "correct": "BLue or Gray"
    },
    {
      "question": "What is Call for Help in steps in choking?",
      "ans1": "Stand behind the person and wrap your arms around the waist.",
      "ans2": "If the person become unresponsive, perform CPR",
      "ans3": "Call your local for emergency help",
      "ans4": "Ask the person if they are choking.",
      "correct": "Call your local for emergency help"
    },
    {
      "question": "Which is not steps in how to do if the person is choking?",
      "ans1": "Call for help",
      "ans2": "Perform CPR",
      "ans3": "Assess the situation",
      "ans4": "Perform Backflip",
      "correct": "Perform Backflip"
    },
    {
      "question": "What steps in choking is stand behind the person and wrap your arms around the waist.",
      "ans1": "Assess the situation",
      "ans2": "Perform the Heimlich Maneuver",
      "ans3": "Perform CPR",
      "ans4": "Call for help",
      "correct": "B)B"
    }
  ]
}