{
  "Earthquake":[
    {
      "question": "It is a sudden, rapid shaking of the earth caused by the shifting of underground rock.",
      "ans1": "Marsquake",
      "ans2": "Venusquake",
      "ans3": "Earthquake",
      "ans4": "Quake",
      "correct": "Earthquake"
    },
    {
      "question": "Fill the blank. Practice Drop, _______, and Hold On.",
      "ans1": "Cover Up",
      "ans2": "Cover",
      "ans3": "Cover It",
      "ans4": "Cover Drop",
      "correct": "Cover"
    },
    {
      "question": "Which you should to after an earthquake?",
      "ans1": "Stay Safe",
      "ans2": "Post Status in Facebook",
      "ans3": "Retouch",
      "ans4": "Stay",
      "correct": "Stay Safe"
    },
    {
      "question": "What practices should do when during earthquake?",
      "ans1": "Drop, Cover, and Held On",
      "ans2": "Dropped, Covered, and Hold On",
      "ans3": "Drop, Covered, Hold On",
      "ans4": "Drop, Cover, and Hold On",
      "correct": "Drop, Cover, and Hold"
    },
    {
      "question": "Which of the following is not in before earthquake?",
      "ans1": "Understand Your Risk",
      "ans2": "Stay Safe",
      "ans3": "Learn Emergency Skills",
      "ans4": "Gather Emergency Supplies",
      "correct": "Stay Safe"
    },
    {
      "question": "When shaking starts, DROP< COVER, and HOLD ON to protect __________.",
      "ans1": "her",
      "ans2": "him",
      "ans3": "yourself",
      "ans4": "them",
      "correct": "yourself"
    }
  ]
}