{
  "fire":[
    {
      "question": "It happens whenever combustible fuel turns into gas at a very high temperature.",
      "ans1": "Fire",
      "ans2": "Burn",
      "ans3": "Flame",
      "ans4": "Toasted",
      "correct": "Fire"
    },
    {
      "question": "What is the P in How to use Fire Extinguisher?",
      "ans1": "PULL - Pull the Needle",
      "ans2": "PUSH - Push the Needle",
      "ans3": "PULL - Pull the Pin",
      "ans4": "PUSH - Push the Pin",
      "correct": "PULL - Pull the Pin"
    },
    {
      "question": "What is P.A.S.S. means?",
      "ans1": "Pull, Aimed, Squeeze, Swipe",
      "ans2": "Pull, Aim, Squeezed, Swipe",
      "ans3": "Pull, Aim, Squeeze, Swipe",
      "ans4": "Pulled, Aim, Squeeze, Swipe",
      "correct": "Pull, Aim, Squeeze, Swipe"
    },
    {
      "question": "Test smoke alarms every month. If they’re not working, change the __________.",
      "ans1": "Batery",
      "ans2": "Batterie",
      "ans3": "Battery",
      "ans4": "Batteries",
      "correct": "Batteries"
    },
    {
      "question": "How to move the fire extinguisher in Swipe? 1. Sweeping motion separates extinguisher and burning areas 2. Move closer as fire is diminished",
      "ans1": "2 and 1",
      "ans2": "1 and 2",
      "ans3": "Both",
      "ans4": "None of the above",
      "correct": "1 and 2"
    },
    {
      "question": "Sources with lower ___________ can potentially ignite a fire. Combustible substances, like smoldering embers, can eventually achieve their ignition temperature.",
      "ans1": "Temperatures",
      "ans2": "Temp",
      "ans3": "Temperature",
      "ans4": "None of the above",
      "correct": "Temperatures"
    }
  ]
}