{
  "firstAid":[
    {
      "question": "It refers to the actions taken in response to someone who is injured or has suddenly become ill.",
      "ans1": "First Aid",
      "ans2": "First Cure",
      "ans3": "First Prevention",
      "ans4": "First Health",
      "correct": "First Aid"
    },
    {
      "question": "It is a collection of supplies and equipment that can be used to treat minor injuries or increase the life of a victim in cases of emergency.",
      "ans1": "First Aid Bag",
      "ans2": "First Aid Set",
      "ans3": "First Aid Luggage",
      "ans4": "First Aid Kit",
      "correct": "First Aid Kit"
    },
    {
      "question": "What is First Aider?",
      "ans1": "A person who is responsible for emergency.",
      "ans2": "A person who acts in a way that ensures the safety of everyone involved and prevents additional harm.",
      "ans3": "A person who's concern for you.",
      "ans4": "A person who will take care of you.",
      "correct": "A person who acts in a way that ensures the safety of everyone involved and prevents additional harm."
    },
    {
      "question": "What does R.I.C.E. stand for?",
      "ans1": "Read, Icing, Conduct, Evaluate",
      "ans2": "Rest, Ice, Cover, Elect",
      "ans3": "Rest, Ice, Compression, Elevate",
      "ans4": "Rest, Ice, Compression, Elevation",
      "correct": "Rest, Ice, Compression, Elevation"
    },
    {
      "question": "In an emergency situation, who is the most important person?",
      "ans1": "The Injured Victim",
      "ans2": "Yourself",
      "ans3": "EMS",
      "ans4": "The Bystanders",
      "correct": "Yourself"
    },
    {
      "question": "Which of these is NOT an aim of First Aid?",
      "ans1": "Preserve Life",
      "ans2": "Promote Recovery",
      "ans3": "Protect Wounds",
      "ans4": "Preventing Worsening of the Condition",
      "correct": "Protect Wounds"
    }
  ]
}