{
  "fractures":[
    {
      "question": "It refer to breaks or cracks in bones.",
      "ans1": "Cuts",
      "ans2": "Scratch",
      "ans3": "Wounds",
      "ans4": "Fractures",
      "correct": "Fractures"
    },
    {
      "question": "Which is not common causes of fractures?",
      "ans1": "Fall",
      "ans2": "Direct strikes to your body",
      "ans3": "Injuries from sports",
      "ans4": "Stampede",
      "correct": "Stampede"
    },
    {
      "question": "It occurs when one of the shattered bone ends pierces the skin, or when there is a wound present at the fracture site",
      "ans1": "Open Fractures",
      "ans2": "Inward Fractures",
      "ans3": "Closed Fractures",
      "ans4": "Outward Fractures",
      "correct": "Open Fractures"
    },
    {
      "question": "It is a partial or complete tearing away of skin and the tissue beneath has unbroken skin above the fracture.",
      "ans1": "Open Fractures",
      "ans2": "Closed Fractures",
      "ans3": "Stable Fractures",
      "ans4": "Unstable Fractures",
      "correct": "Closed Fractures"
    },
    {
      "question": "Cover the wound with a sterile dressing or a large, clean _________.",
      "ans1": "Intermediate Pad",
      "ans2": "Yellow Pad",
      "ans3": "Gauze Pad",
      "ans4": "None of the above",
      "correct": "Gauze Pad"
    },
    {
      "question": "Place _________ around the injury for extra support. Take or send the casualty to the hospital; a casualty with an arm injury may be transported by car; call emergency hotline help for a leg injury.",
      "ans1": "None of the above",
      "ans2": "Both",
      "ans3": "Padding",
      "ans4": "Dressing",
      "correct": "Padding"
    }
  ]
}