{
  "typhoon":[
    {
      "question": "__________ to monitor news sites, radio stations, or TV channels",
      "ans1": "Proceed",
      "ans2": "To be continued",
      "ans3": "Continues",
      "ans4": "Continue",
      "correct": "Continue"
    },
    {
      "question": "Heavy Rains and _________ both have a potential to do severe damage.",
      "ans1": "Tropical Storm",
      "ans2": "Hurricane",
      "ans3": "Tropical Cyclone",
      "ans4": "Typhoon",
      "correct": "Typhoon"
    },
    {
      "question": "Which of the following is doing in Before Typhoon",
      "ans1": "Run a check on electrical appliances before using them",
      "ans2": "Monitor local radio",
      "ans3": "Identify an alternate safe area",
      "ans4": "None of the above",
      "correct": "Identify an alternate safe area"
    },
    {
      "question": "Keep everyone in your household ______",
      "ans1": "Calm",
      "ans2": "Panic",
      "ans3": "Emotionless",
      "ans4": "Disgust",
      "correct": "D)D"
    },
    {
      "question": "Charge _____ your power banks and emergency lights",
      "ans1": "Up",
      "ans2": "Down",
      "ans3": "In",
      "ans4": "Out",
      "correct": "Up"
    },
    {
      "question": "Which of the following is not doing in during typhoon?",
      "ans1": "Stay inside as much as possible",
      "ans2": "Run a check on electrical appliances before using them",
      "ans3": "Keep everyone in your household calm",
      "ans4": "Monitor local radio",
      "correct": "Run a check on electrical appliances before using them"
    }
  ]
}