{
  "wounds":[
    {
      "question": "It is a break in the continuity of a body tissue due to an external action.",
      "ans1": "Scratch",
      "ans2": "Wounds",
      "ans3": "Fractures",
      "ans4": "Cuts",
      "correct": "Wounds"
    },
    {
      "question": "It is an injury involving an external or internal break in body tissue, usually involving the skin.",
      "ans1": "Closed Wound",
      "ans2": "Open Wound",
      "ans3": "Wound",
      "ans4": "Acute Wound",
      "correct": "Open Wound"
    },
    {
      "question": "Which of these is NOT a type of Wounds?",
      "ans1": "Cuts",
      "ans2": "Laceration",
      "ans3": "Puncture",
      "ans4": "Abrasion",
      "correct": "Cuts"
    },
    {
      "question": "A type of wounds has small hole caused by a long, pointy object, such as a nail or needle.D",
      "ans1": "Abrasion",
      "ans2": "Laceration",
      "ans3": "Avulsion",
      "ans4": "Puncture",
      "correct": "Puncture"
    },
    {
      "question": "It is a partial or complete tearing away of skin and the tissue beneath.",
      "ans1": "Laceration",
      "ans2": "Avulsion",
      "ans3": "Puncture",
      "ans4": "Abrasion",
      "correct": "Avulsion"
    },
    {
      "question": "It occurs when your skin rubs or scrapes against a rough or hard surface.",
      "ans1": "Puncture",
      "ans2": "Avulsion",
      "ans3": "Laceration",
      "ans4": "Abrasion",
      "correct": "Abrasion"
    },
    {
      "question": "It is a deep cut or tearing of your skin.",
      "ans1": "Abrasion",
      "ans2": "Laceration",
      "ans3": "Puncture",
      "ans4": "Avulsion",
      "correct": "Abrasion"
    }
  ]
}