{
  "project_info": {
    "project_number": "2234932363",
    "project_id": "aidscape-78941",
    "storage_bucket": "aidscape-78941.appspot.com"
  },
  "client": [
    {
      "client_info": {
        "mobilesdk_app_id": "1:2234932363:android:6577905ecf2ebf46b1c88e",
        "android_client_info": {
          "package_name": "com.android.aidscape"
        }
      },
      "oauth_client": [],
      "api_key": [
        {
          "current_key": "AIzaSyCntd6K5R5AdPtuM1edhoIKsRUhevwMH6o"
        }
      ],
      "services": {
        "appinvite_service": {
          "other_platform_oauth_client": []
        }
      }
    }
  ],
  "configuration_version": "1"
}